account_id,account_name,account_office
ACC0001,Account 0001,US
ACC0002,Account 0002,France
ACC0003,Account 0003,France
ACC0004,Account 0004,France
ACC0005,Account 0005,US
ACC0006,Account 0006,US
ACC0007,Account 0007,Germany
ACC0008,Account 0008,France
ACC0009,Account 0009,UK
ACC0010,Account 0010,France
ACC0011,Account 0011,France
ACC0012,Account 0012,UK
ACC0013,Account 0013,France
ACC0014,Account 0014,France
ACC0015,Account 0015,US
ACC0016,Account 0016,UK
ACC0017,Account 0017,France
ACC0018,Account 0018,UK
ACC0019,Account 0019,US
ACC0020,Account 0020,France
ACC0021,Account 0021,US
ACC0022,Account 0022,US
ACC0023,Account 0023,UK
ACC0024,Account 0024,France
ACC0025,Account 0025,Singapore
ACC0026,Account 0026,France
ACC0027,Account 0027,France
ACC0028,Account 0028,France
ACC0029,Account 0029,US
ACC0030,Account 0030,UK
ACC0031,Account 0031,US
ACC0032,Account 0032,US
ACC0033,Account 0033,UK
ACC0034,Account 0034,Singapore
ACC0035,Account 0035,UK
ACC0036,Account 0036,UK
ACC0037,Account 0037,US
ACC0038,Account 0038,UK
ACC0039,Account 0039,US
ACC0040,Account 0040,UK
ACC0041,Account 0041,US
ACC0042,Account 0042,France
ACC0043,Account 0043,France
ACC0044,Account 0044,France
ACC0045,Account 0045,France
ACC0046,Account 0046,France
ACC0047,Account 0047,France
ACC0048,Account 0048,France
ACC0049,Account 0049,US
ACC0050,Account 0050,UK
ACC0051,Account 0051,UK
ACC0052,Account 0052,France
ACC0053,Account 0053,France
ACC0054,Account 0054,Germany
ACC0055,Account 0055,US
ACC0056,Account 0056,UK
ACC0057,Account 0057,France
ACC0058,Account 0058,US
ACC0059,Account 0059,France
ACC0060,Account 0060,UK
ACC0061,Account 0061,Singapore
ACC0062,Account 0062,US
ACC0063,Account 0063,UK
ACC0064,Account 0064,US
ACC0065,Account 0065,US
ACC0066,Account 0066,US
ACC0067,Account 0067,France
ACC0068,Account 0068,France
ACC0069,Account 0069,France
ACC0070,Account 0070,France
ACC0071,Account 0071,France
ACC0072,Account 0072,Singapore
ACC0073,Account 0073,Germany
ACC0074,Account 0074,France
ACC0075,Account 0075,US
ACC0076,Account 0076,UK
ACC0077,Account 0077,Germany
ACC0078,Account 0078,UK
ACC0079,Account 0079,France
ACC0080,Account 0080,France
ACC0081,Account 0081,UK
ACC0082,Account 0082,France
ACC0083,Account 0083,UK
ACC0084,Account 0084,Germany
ACC0085,Account 0085,UK
ACC0086,Account 0086,France
ACC0087,Account 0087,Singapore
ACC0088,Account 0088,UK
ACC0089,Account 0089,France
ACC0090,Account 0090,France
ACC0091,Account 0091,France
ACC0092,Account 0092,US
ACC0093,Account 0093,US
ACC0094,Account 0094,UK
ACC0095,Account 0095,France
ACC0096,Account 0096,UK
ACC0097,Account 0097,Singapore
ACC0098,Account 0098,UK
ACC0099,Account 0099,Singapore
ACC0100,Account 0100,US
ACC0101,Account 0101,France
ACC0102,Account 0102,US
ACC0103,Account 0103,US
ACC0104,Account 0104,UK
ACC0105,Account 0105,France
ACC0106,Account 0106,US
ACC0107,Account 0107,France
ACC0108,Account 0108,UK
ACC0109,Account 0109,UK
ACC0110,Account 0110,Singapore
ACC0111,Account 0111,Germany
ACC0112,Account 0112,France
ACC0113,Account 0113,UK
ACC0114,Account 0114,France
ACC0115,Account 0115,Germany
ACC0116,Account 0116,Germany
ACC0117,Account 0117,France
ACC0118,Account 0118,US
ACC0119,Account 0119,UK
ACC0120,Account 0120,France
